Date,Open,High,Low,Close,Volume,Dividends,Stock Splits
2026-06-15 00:00:00-04:00,200.0,200.0,200.0,200.0,400,0.0,0.0
2026-06-16 00:00:00-04:00,297.5,297.5,269.95001220703125,269.95001220703125,7300,0.0,0.0
2026-06-17 00:00:00-04:00,285.0,295.4100036621094,269.95001220703125,269.95001220703125,11700,0.0,0.0
2026-06-18 00:00:00-04:00,277.70001220703125,277.70001220703125,256.010009765625,267.79998779296875,2800,0.0,0.0
2026-06-22 00:00:00-04:00,273.989990234375,280.0,261.0299987792969,261.0299987792969,9500,0.0,0.0
2026-06-23 00:00:00-04:00,255.10000610351562,256.57000732421875,245.0,245.0,8400,0.0,0.0
2026-06-24 00:00:00-04:00,245.0,259.0,245.0,245.0,29600,0.0,0.0
2026-06-25 00:00:00-04:00,258.45001220703125,258.45001220703125,221.0,221.00999450683594,44000,0.0,0.0
2026-06-26 00:00:00-04:00,229.75,238.19000244140625,206.00999450683594,221.00999450683594,3493900,0.0,0.0
2026-06-29 00:00:00-04:00,230.0,239.97999572753906,212.5,220.19000244140625,8471200,0.0,0.0
2026-06-30 00:00:00-04:00,220.85000610351562,227.99000549316406,214.5,221.0800018310547,5986300,0.0,0.0
2026-07-01 00:00:00-04:00,212.9199981689453,231.72999572753906,212.57000732421875,227.2899932861328,6509700,0.0,0.0
2026-07-02 00:00:00-04:00,229.99000549316406,248.72999572753906,221.5,247.14999389648438,5557200,0.0,0.0
2026-07-06 00:00:00-04:00,249.00999450683594,266.6199951171875,236.6999969482422,237.6999969482422,7550800,0.0,0.0
2026-07-07 00:00:00-04:00,237.92999267578125,246.02000427246094,233.63999938964844,238.13999938964844,4866100,0.0,0.0
2026-07-08 00:00:00-04:00,230.58999633789062,235.9499969482422,223.02999877929688,224.35000610351562,4156700,0.0,0.0
2026-07-09 00:00:00-04:00,225.6699981689453,230.89999389648438,217.25,223.1199951171875,3395200,0.0,0.0
2026-07-10 00:00:00-04:00,222.77999877929688,228.9499969482422,218.85000610351562,220.75,1926200,0.0,0.0
2026-07-13 00:00:00-04:00,220.6699981689453,221.58999633789062,210.22999572753906,213.0500030517578,2956700,0.0,0.0
2026-07-14 00:00:00-04:00,213.0500030517578,215.97999572753906,205.55999755859375,207.50999450683594,3334200,0.0,0.0
2026-07-15 00:00:00-04:00,203.14999389648438,215.5,203.0,212.5500030517578,2107800,0.0,0.0
2026-07-16 00:00:00-04:00,211.6999969482422,215.7899932861328,204.1999969482422,208.3699951171875,2878500,0.0,0.0
2026-07-17 00:00:00-04:00,207.52000427246094,217.8300018310547,205.00999450683594,211.6300048828125,2548500,0.0,0.0
2026-07-20 00:00:00-04:00,207.27999877929688,210.0,198.8800048828125,202.47000122070312,3279200,0.0,0.0
2026-07-21 00:00:00-04:00,202.86000061035156,203.5,195.16000366210938,200.13999938964844,3221200,0.0,0.0
2026-07-22 00:00:00-04:00,200.3000030517578,208.6999969482422,199.00999450683594,207.77999877929688,2348800,0.0,0.0
2026-07-23 00:00:00-04:00,200.58999633789062,208.63999938964844,193.3300018310547,195.8699951171875,3436200,0.0,0.0
2026-07-24 00:00:00-04:00,198.2899932861328,204.91000366210938,192.02999877929688,204.07000732421875,2709400,0.0,0.0
2026-07-27 00:00:00-04:00,206.3300018310547,211.7899932861328,202.97999572753906,210.8300018310547,1850500,0.0,0.0
2026-07-28 00:00:00-04:00,208.85000610351562,219.1999969482422,208.85000610351562,215.89999389648438,2215400,0.0,0.0
2026-07-29 00:00:00-04:00,215.89999389648438,215.89999389648438,203.83999633789062,205.19000244140625,2102500,0.0,0.0
2026-07-30 00:00:00-04:00,205.2899932861328,205.2899932861328,198.8800048828125,204.32000732421875,2174100,0.0,0.0
2026-07-31 00:00:00-04:00,202.30999755859375,209.77000427246094,202.00999450683594,206.74000549316406,2319000,0.0,0.0
2026-08-03 00:00:00-04:00,203.99000549316406,211.0,199.47999572753906,208.27000427246094,3328300,0.0,0.0
2026-08-04 00:00:00-04:00,211.02999877929688,217.05999755859375,207.39999389648438,216.47999572753906,2816300,0.0,0.0
2026-08-05 00:00:00-04:00,219.4199981689453,222.5399932861328,203.63999938964844,203.63999938964844,4401500,0.0,0.0
2026-08-06 00:00:00-04:00,155.0,167.30999755859375,150.02999877929688,156.47000122070312,20631100,0.0,0.0
2026-08-07 00:00:00-04:00,156.24000549316406,168.8800048828125,154.00999450683594,168.50999450683594,8048300,0.0,0.0
2026-08-10 00:00:00-04:00,163.35000610351562,165.49000549316406,159.00999450683594,163.08999633789062,4798200,0.0,0.0
2026-08-11 00:00:00-04:00,161.99000549316406,170.1699981689453,161.22999572753906,165.92999267578125,4337300,0.0,0.0
2026-08-12 00:00:00-04:00,168.91000366210938,173.0,166.83999633789062,167.8000030517578,4087500,0.0,0.0
2026-08-13 00:00:00-04:00,166.8000030517578,171.1999969482422,165.11000061035156,169.80999755859375,2508000,0.0,0.0
2026-08-14 00:00:00-04:00,169.69000244140625,171.49000549316406,165.02999877929688,166.36000061035156,3418100,0.0,0.0
2026-08-17 00:00:00-04:00,166.0,166.52999877929688,161.25,161.55999755859375,3566100,0.0,0.0
2026-08-18 00:00:00-04:00,160.8699951171875,164.61000061035156,160.38999938964844,160.75999450683594,4707000,0.0,0.0
2026-08-19 00:00:00-04:00,165.9499969482422,176.25,164.25999450683594,170.3699951171875,7279600,0.0,0.0
2026-08-20 00:00:00-04:00,170.0,172.94000244140625,164.99000549316406,165.88999938964844,3035200,0.0,0.0
2026-08-21 00:00:00-04:00,166.77000427246094,168.44000244140625,164.24000549316406,164.72999572753906,3405899,0.0,0.0
